{ 
  "songs" : [
    {
      "id": 0,
      "name": "Whip",
      "artist": "prazkhanal",
      "src": "./assets/media/01_song.mp3",
      "genre": "Electronic",
      "liked": false
    },
    {
      "id": 1,
      "name": "Overflow",
      "artist": "Piano Amor",
      "src": "./assets/media/02_song.mp3",
      "genre": "Classic",
      "liked": false
    },
    {
      "id": 2,
      "name": "Intrigue Fun",
      "artist": "Music Town",
      "genre": "Jazz",
      "src": "./assets/media/03_song.mp3",
      "liked": true
    },
    {
      "id": 3,
      "name": "Bounce",
      "artist": "Coma-Media",
      "genre": "Electronic",
      "src": "./assets/media/04_song.mp3",
      "liked": false
    },
    {
      "id": 4,
      "name": "Summer Pranks",
      "artist": "Lemon Music Studio",
      "genre": "Rock",
      "src": "./assets/media/05_song.mp3",
      "liked": true
    }
  ]
}
  